"Y_outcome_of_interest","D_treatment","X_running_variable"
11.1614557628783,TRUE,1.31734005068486
11.6746812612466,TRUE,1.08107661156273
-1.33420965602562,FALSE,-1.145047246405
-1.50549176365723,FALSE,-0.466987652135763
-1.35519474415592,FALSE,-0.848606338967968
10.6033480312171,TRUE,1.73965886255671
11.7808900488054,TRUE,0.225190628614671
-2.18644200253118,FALSE,-0.465004747031104
-0.448663145034381,FALSE,-1.01715624263124
11.4063764989952,TRUE,0.457462080178169
-0.647952386477588,FALSE,-1.02409294711716
9.98923616267247,TRUE,0.0301633289378367
0.878412662660759,FALSE,-0.242510917673313
10.3850067942294,TRUE,0.212559459568884
-2.17424253574898,FALSE,-0.598736735499428
-2.40629345595342,FALSE,-2.15755017920974
10.018492857459,TRUE,0.148900853407846
9.91240289669745,TRUE,1.32919548028227
-1.71186926388662,FALSE,-0.0843952639924509
-1.90896938443688,FALSE,-0.578501606025715
-0.88964352833144,FALSE,-0.854000304694529
-2.48173905461676,FALSE,-1.96645984865625
0.0331824110417421,FALSE,-0.13361772090748
12.5153584235443,TRUE,1.53507580618039
10.1762094240452,TRUE,0.65178270482404
-0.0910907061949162,FALSE,-1.01344176441181
10.9632022177041,TRUE,1.43623922605634
12.3502971698951,TRUE,1.3075386228363
10.8924152137769,TRUE,0.359662294056143
-0.348051455560648,FALSE,-0.147599460855166
9.16997862010155,TRUE,0.814388694629939
-2.11626148230833,FALSE,-2.16935526405121
9.73017786586596,TRUE,0.346721110021915
-2.0542078570904,FALSE,-2.90030335618833
-0.885385489070439,FALSE,-0.943226698783341
11.6859223381798,TRUE,0.0480185857808144
0.238865949464334,FALSE,-0.220902575520189
-3.30630518183738,FALSE,-1.34852506555265
0.57220223596107,FALSE,-1.08855056236421
-0.522760049582705,FALSE,-0.668070526533195
-1.86672804857826,FALSE,-0.68986849116315
-1.32209712598352,FALSE,-1.94752097162742
-0.972866699765653,FALSE,-0.565750706290157
-1.32437057582278,FALSE,-0.318201890653075
-0.887488609150319,FALSE,-0.96867472617999
10.5087295871718,TRUE,0.807413472759185
-1.73791086632672,FALSE,-0.933194840564134
11.4997926919815,TRUE,1.09101067442188
10.323061644772,TRUE,0.272268462774175
11.5705662444907,TRUE,0.588226686126442
10.1203801517374,TRUE,1.52682904318106
-1.18655758688903,FALSE,-0.891064222356911
-1.37146009033439,FALSE,-0.4888796509088
10.3172236933656,TRUE,0.594700398443641
10.8319934369695,TRUE,0.282989377958129
-2.47156498342921,FALSE,-2.39103632189773
0.995191965481491,FALSE,-0.0363674163114045
0.335412737078395,FALSE,-1.0893072029538
9.19378680503226,TRUE,0.175293430409221
10.6394550478934,TRUE,0.145969751154889
9.71850290206081,TRUE,0.590199222679176
9.47510232459957,TRUE,0.267426641555387
-0.778134967570973,FALSE,-0.873038129041849
11.9157784178379,TRUE,2.13005035391268
0.675770864050211,FALSE,-0.550387156234567
11.9102514269694,TRUE,2.20991324576828
-0.444298247233944,FALSE,-0.604396468350287
9.6593060793646,TRUE,0.867061465879086
10.108886790154,TRUE,0.322680723449364
-3.21795940849978,FALSE,-2.57164887120111
9.98602743243024,TRUE,0.628506801504896
11.9116703622789,TRUE,1.34862245076074
-0.621206916944093,FALSE,-0.186362168212718
11.3689568746329,TRUE,1.74689536829267
0.315770661035422,FALSE,-0.413869731025745
-1.1351302573463,FALSE,-0.862387436026119
8.69229194616352,TRUE,0.159269568357885
10.4738215427243,TRUE,0.34157420538964
10.36713457109,TRUE,0.429313988379778
10.5072119892259,TRUE,0.901087096486976
-0.596977262346939,FALSE,-1.06515336125354
-1.31002261306302,FALSE,-0.00873420646627844
11.0488873353699,TRUE,1.26210014292336
10.622000821399,TRUE,0.578152102021289
-1.52374375554892,FALSE,-0.118955633596294
1.76609431158335,FALSE,-1.79907248619081
10.1242481760704,TRUE,0.0442984968757471
-0.445929906417691,FALSE,-0.800816562141384
11.3313481692363,TRUE,2.1392372706675
12.2963538306277,TRUE,0.600014520428921
9.91780356566966,TRUE,0.604286201662008
-0.744296440589919,FALSE,-0.607517216812185
-0.199215257717585,FALSE,-0.932121025837598
-0.674412181426049,FALSE,-0.157460698315081
-1.95471460777567,FALSE,-1.44116062277094
12.1144767146638,TRUE,2.96120978180156
2.06193684235959,FALSE,-0.890115094649044
10.3383463767517,TRUE,0.719768029967675
10.2695499733152,TRUE,0.243803988705248
10.5654345921987,TRUE,0.441300458801812
10.3244090715461,TRUE,0.197241748892999
9.80195929606393,TRUE,0.17850235392914
9.11077636493712,TRUE,1.15861392027469
10.0617736281835,TRUE,0.861398951358168
-0.215558892763382,FALSE,-1.14017457370742
-0.175715554883696,FALSE,-0.797833081409333
1.66247258071664,FALSE,-0.0739185277979217
-2.41886346134068,FALSE,-2.24362753563071
-2.63729139912573,FALSE,-1.07217225638034
11.2665443676619,TRUE,0.460167317629293
-1.32617764027806,FALSE,-0.2012206551304
11.6480817094602,TRUE,1.51024915814185
1.87051818041695,FALSE,-0.42937726150709
1.37753666163372,FALSE,-0.395031440219386
11.9115357588781,TRUE,1.34012834202307
1.29171577715937,FALSE,-0.402912504630453
-0.289568540484795,FALSE,-1.19402868362841
9.52658761236359,TRUE,0.141912552602706
-4.14563967835086,FALSE,-1.45313145278919
-3.28168161510498,FALSE,-1.85651841816495
0.626928237347528,FALSE,-0.13761579154944
-3.61779061724189,FALSE,-2.1179555797516
12.6205791658163,TRUE,2.30927011738121
10.8742017969616,TRUE,1.26876934777726
-2.23638993831907,FALSE,-1.64721653609364
-1.63563281390276,FALSE,-1.63570125814399
10.0592836903391,TRUE,0.573809630396123
-1.51407022006692,FALSE,-0.99823515092229
-3.35076216454459,FALSE,-2.2053235152801
9.20579298551126,TRUE,0.336149120686221
0.151932881221612,FALSE,-0.111834073956731
-0.936437105782364,FALSE,-1.0415451860903
-0.292204964806116,FALSE,-0.911823419591434
12.2555008934849,TRUE,1.42155782934398
10.6584811793509,TRUE,0.298314439736103
11.2980308149694,TRUE,0.74404759203511
0.0173792416768371,FALSE,-0.332426819534259
11.755101722958,TRUE,0.308658654803644
-0.929709003680873,FALSE,-0.763057218232403
-2.15932631053875,FALSE,-1.93620538338761
12.5489128579627,TRUE,1.72804808703086
9.86313829740926,TRUE,0.0680243696155497
8.4457242767126,TRUE,0.124129204945805
-1.54005523196512,FALSE,-1.47687118136044
-1.61058817894248,FALSE,-0.877436905139767
11.9057473988267,TRUE,1.12415540324562
10.9846893868639,TRUE,0.572373861415159
-1.01361762954648,FALSE,-0.393832473449016
11.1160051194236,TRUE,1.77196128110136
10.8927910024156,TRUE,1.685032784
-1.60214333000206,FALSE,-1.38334036582879
1.71191903660157,FALSE,-0.229259710213495
0.947987485369983,FALSE,-0.561846704729542
1.24812293072468,FALSE,-0.166813337857925
0.100595980144064,FALSE,-1.0064570374387
-1.4492568187388,FALSE,-0.734983744572015
11.0903380635202,TRUE,0.243265510834598
-1.76562199700984,FALSE,-1.07556283563449
10.8306703856985,TRUE,0.181282327866462
11.1440656590543,TRUE,1.25106157727235
9.65875650395178,TRUE,0.159777058183956
-1.51853964382091,FALSE,-1.22000547737278
-2.0357601415889,FALSE,-0.525228482171649
0.730677781932299,FALSE,-0.134505028123136
0.0577123594332128,FALSE,-0.377288756410896
11.4970530453908,TRUE,1.20049125269224
0.962073611808136,FALSE,-0.518129644604137
10.5485741022448,TRUE,0.545159964419762
-1.91513040633766,FALSE,-1.93250335186087
9.51636901936162,TRUE,0.00542726078035756
-0.358136786683333,FALSE,-0.71150176199573
-1.11414075038945,FALSE,-0.828300887347967
9.92720950158258,TRUE,0.0997415712969562
-0.275370939088841,FALSE,-0.235584599714482
11.7208274027075,TRUE,0.420380490145441
10.3532025792087,TRUE,0.412149357110194
0.274732141911518,FALSE,-0.0260646525314522
10.7264540771306,TRUE,1.31269843957739
-0.814996815402118,FALSE,-0.719628134980562
9.87357407194434,TRUE,0.577660911050198
10.6822428394105,TRUE,0.458236332346344
-0.846868838579165,FALSE,-0.0518394347562373
-1.1079242916298,FALSE,-1.83826591155921
-0.171818095336265,FALSE,-0.752263112653304
-2.0400811519389,FALSE,-1.57107859589163
11.4546849029925,TRUE,0.664989858822874
-2.35392561025634,FALSE,-0.141849457844139
-1.20512971116448,FALSE,-1.17055175595502
11.3929369095626,TRUE,0.0972904130309893
-0.61039427705318,FALSE,-0.370566537580547
-1.00759237870016,FALSE,-0.330624097560694
9.00785727424395,TRUE,0.117130710511378
10.8260498785216,TRUE,1.36657540263435
-0.887247512846987,FALSE,-0.0226560021830915
8.9551590997254,TRUE,0.421218036902452
-1.99145340163854,FALSE,-0.761498268600555
-0.392987989064025,FALSE,-1.0289834353618
10.0070151167581,TRUE,1.22233747694495
0.0575628257953749,FALSE,-0.368797042265506
-1.21231105042804,FALSE,-2.99760703543074
-0.336091386112962,FALSE,-0.340437735454338
12.8051456637228,TRUE,1.48012470853915
-0.434413510313735,FALSE,-0.890007660488844
-0.305188335875379,FALSE,-0.261601592854185
0.852604031496789,FALSE,-0.400876223764688
9.56811148470031,TRUE,0.106721364765325
1.21095941201242,FALSE,-0.277281808768255
12.1230773158657,TRUE,2.45485226854609
0.403610995515875,FALSE,-0.676208623154937
-0.385398509439672,FALSE,-0.36945285921771
10.2461612406025,TRUE,0.692831275488185
10.4849858635701,TRUE,1.18522016832406
9.88176270734516,TRUE,0.104626371297499
11.053210305651,TRUE,1.03905491847316
12.3964918159484,TRUE,0.801385547302741
11.8864152484569,TRUE,0.59866242083545
-1.71130962965374,FALSE,-1.21343216562384
-0.95441926461663,FALSE,-2.54189744832919
11.225565920153,TRUE,0.767257753292625
-1.3699071483834,FALSE,-1.29186691970342
-1.08920449192417,FALSE,-0.918320741504075
12.3200856315646,TRUE,1.24092040522241
-1.74354212592331,FALSE,-0.975917125051289
10.8952533513319,TRUE,1.27121089565312
9.12556255197085,TRUE,0.299332216433837
0.900959246051962,FALSE,-0.496604817654339
-1.36920948928821,FALSE,-0.216792131795386
-0.933466819325199,FALSE,-0.879922139296953
12.9998685223138,TRUE,1.3850905981183
-1.5112468247484,FALSE,-1.3823598128051
10.7443803313592,TRUE,0.327107133584674
0.631707738749558,FALSE,-0.20550306816424
-0.328264248650113,FALSE,-0.249912344481234
9.66277511980135,TRUE,0.944070332036794
9.9454491338814,TRUE,0.855267476032729
-2.16814245534999,FALSE,-0.271961414607324
11.6128251064141,TRUE,0.960028267169421
0.228085602949581,FALSE,-0.392586042137988
12.7346674671591,TRUE,2.13427582997542
8.5894667850525,TRUE,0.43437190375432
-1.21036888431046,FALSE,-0.801530359638166
10.7910030034417,TRUE,2.02815444440008
11.5129512944638,TRUE,0.345324633191243
0.294418136009715,FALSE,-0.942913877741833
-3.24188850541672,FALSE,-0.9678447832022
10.3996688170854,TRUE,0.251537148453269
9.89399576397371,TRUE,0.0674720023467443
10.9413964588633,TRUE,1.1186275320565
-2.20460656453784,FALSE,-2.20891652406565
10.3857119523506,TRUE,0.380018375673808
10.3781136670905,TRUE,0.332536395493726
-1.55767324293767,FALSE,-1.01092713957907
-0.853349134369412,FALSE,-0.920723698150004
10.4367274136163,TRUE,0.86285607583533
-1.96003605132807,FALSE,-2.02283620883542
10.6590025629891,TRUE,1.2363798867658
-0.609178198951998,FALSE,-1.2298706570364
11.2390838365162,TRUE,0.902177904329923
-1.4697224213015,FALSE,-2.03633407843368
9.35176754498223,TRUE,0.15146616214682
-0.793011842049932,FALSE,-0.463655911353386
0.654470717665666,FALSE,-0.104958381095549
-2.1890941608246,FALSE,-1.35032532732535
-0.200776213191562,FALSE,-0.85424871076327
10.945865828061,TRUE,0.411107676537588
-1.60320876829219,FALSE,-1.97272769837131
-0.507378055787107,FALSE,-1.0454229059737
-0.624090982967346,FALSE,-0.270878113567434
1.42501128859152,FALSE,-0.506434985634812
-1.55229436989054,FALSE,-1.88754853685991
11.161610963393,TRUE,0.524372645021237
-0.677629727923986,FALSE,-1.09427608621641
11.7030304371989,TRUE,0.792258274193389
-0.167819482485889,FALSE,-0.458883371802199
12.3920201197589,TRUE,1.58101881320029
-2.15259397074534,FALSE,-1.397277574255
11.1639537603045,TRUE,0.19818996597952
-2.01606124961675,FALSE,-1.99797145574788
9.49771151601541,TRUE,0.669954328980553
11.3171326200433,TRUE,0.0929205720609573
-0.717846741190419,FALSE,-1.19553036991215
1.44662179451156,FALSE,-0.574932136769761
1.99856594422308,FALSE,-0.425846396658847
11.9956831845297,TRUE,2.36356485983945
9.33682395432354,TRUE,1.18992251984986
0.0985436419920772,FALSE,-0.398282876005848
-2.9567028230153,FALSE,-1.23761833653285
10.4675243905181,TRUE,0.0822841473549313
-0.906675756424804,FALSE,-0.861062419251614
-2.14605698207904,FALSE,-1.35773040045936
-1.32058200385451,FALSE,-0.673890458269511
9.91282347981234,TRUE,0.0748749416800262
11.4144913198013,TRUE,0.673418647921859
13.6747134430232,TRUE,1.18460866905752
12.1288066603006,TRUE,1.51512669309927
0.907140534965228,FALSE,-0.392288167719391
0.846169647993172,FALSE,-0.314788174727815
10.389100144533,TRUE,1.38370465009588
-1.31988621968817,FALSE,-0.972957571099584
-0.454994387262137,FALSE,-0.814968278322111
12.0781490420459,TRUE,1.5444542968436
11.9264864019078,TRUE,0.232770226960152
13.2179294074389,TRUE,0.631594258475484
11.0009964310177,TRUE,0.967797708130243
-0.687105650394213,FALSE,-0.698944110464495
10.0360503202961,TRUE,0.188047377429165
9.84124088826394,TRUE,0.0239819161244758
10.4841605425817,TRUE,0.365185333147972
9.18635917668386,TRUE,0.321416295707817
0.615214712893938,FALSE,-0.334442342331277
11.488894720569,TRUE,0.903588777364736
13.7514139556437,TRUE,2.2343146763458
-0.65938471323529,FALSE,-0.345480836032232
1.05035377423682,FALSE,-0.860346955376599
-1.24470301214809,FALSE,-0.371963809120488
-0.533968718729161,FALSE,-0.0768729263981247
11.2902802053511,TRUE,0.361332829565427
-1.70651860854346,FALSE,-0.719121491673969
9.23581537310756,TRUE,0.258655339019458
10.9335576626274,TRUE,0.7111001832178
9.21722108937244,TRUE,0.391577210340946
-0.886434860324367,FALSE,-0.684918716041204
-0.786630074921718,FALSE,-0.425584444921353
10.5850948124772,TRUE,1.41936079560655
9.83766274914833,TRUE,0.80606537905096
9.90640929148309,TRUE,0.014389211766552
-1.41355180596466,FALSE,-1.20945955714178
8.73171309207873,TRUE,0.146950862520656
-1.71301988438034,FALSE,-0.259683116644363
-2.58567660625277,FALSE,-1.82955777468162
0.490255749038948,FALSE,-0.173310481757012
11.7321394958712,TRUE,1.83226814362443
9.94277745339863,TRUE,0.0359446629510076
11.4393318641322,TRUE,0.238913230787063
-0.384234312419307,FALSE,-0.659559727295873
-1.3742279255119,FALSE,-0.497240151752408
11.0393938664613,TRUE,0.849050889344977
10.07110962225,TRUE,0.171012437509332
-2.66609046818769,FALSE,-1.48038659827918
10.2574917783729,TRUE,0.562236910007385
11.4547446228651,TRUE,1.41119918395319
11.9364512871943,TRUE,1.78070984958943
-2.23092331762432,FALSE,-0.584990836456251
-0.994230474072977,FALSE,-0.274464884617523
10.5741707339189,TRUE,0.0518664197433278
-0.247377537183231,FALSE,-0.250983211285858
10.7385037397428,TRUE,0.512492863510826
11.7292550128819,TRUE,0.836505363418059
10.6740222575171,TRUE,1.20173945218922
10.4132605247584,TRUE,1.18349120717873
0.0882696579259933,FALSE,-0.434820074485368
11.4784616905098,TRUE,0.221703850234222
-0.889322173108594,FALSE,-0.110800667451558
10.1832813412973,TRUE,0.797909294825938
13.0395849528778,TRUE,1.60801076084948
-0.123816931082827,FALSE,-1.27812776334794
0.781152870377957,FALSE,-0.485472269967905
-0.294069901193558,FALSE,-1.20218622186704
-3.16710780599112,FALSE,-0.751737959226588
-1.17800379614046,FALSE,-0.194680573051063
8.87432351760845,TRUE,0.814284296907669
0.48565689042484,FALSE,-0.191936282740136
0.261625142363038,FALSE,-0.493920142622534
9.26109112566014,TRUE,0.254789172513031
7.73608355426096,TRUE,0.0440397265743972
12.3472382168966,TRUE,1.31533880290035
-1.38736102663371,FALSE,-1.01951613401209
10.9186511532526,TRUE,1.11637896570028
12.1492298290525,TRUE,0.500648238043218
10.1213851582213,TRUE,0.841435190124153
1.48575864342092,FALSE,-0.721596811536186
11.0820877292946,TRUE,0.655246412241861
-0.753633261477535,FALSE,-1.20329663585475
10.6516237113697,TRUE,0.987527428908193
8.94035726021406,TRUE,0.34154447899665
10.3049319570276,TRUE,0.995743618418937
-2.51090900802679,FALSE,-1.2952414889631
0.698820393422962,FALSE,-0.23736697873144
10.2728121613442,TRUE,0.761511377258202
-1.92142580232625,FALSE,-0.531911198312243
10.9082490302945,TRUE,1.02729541594848
-1.76326343285005,FALSE,-0.404716784357777
9.04572539963127,TRUE,0.0384082085122109
-1.13930807662718,FALSE,-0.581527234841454
11.2224832008988,TRUE,0.368970841686238
-3.70198699079342,FALSE,-2.23898654247908
12.0138213682818,TRUE,0.412664161968346
-1.04902589151764,FALSE,-0.762417603845624
10.7764009512101,TRUE,1.37009349164187
0.681199168046342,FALSE,-0.734998866009923
-0.249809250834113,FALSE,-0.143103531041112
10.9338435936122,TRUE,1.70966971330208
-2.30024479120854,FALSE,-1.12002951510766
10.923877050831,TRUE,0.486699801436933
-0.195263633341801,FALSE,-0.921571563162036
10.4536012908145,TRUE,0.111209386679896
10.8155559115631,TRUE,0.88074670610134
12.6184853805056,TRUE,0.672210377966087
10.3733472073437,TRUE,0.221902140273492
9.82266855136898,TRUE,0.577138197105453
9.34674081597176,TRUE,0.242795966891164
-0.427368501209332,FALSE,-1.02804511431319
-3.84580479185179,FALSE,-2.18490908689378
11.3716191758207,TRUE,1.5980449633936
-0.976235609917378,FALSE,-0.0424998196852998
-0.732079870815225,FALSE,-0.138896609037909
10.8760176258599,TRUE,0.0840008470668069
0.552311861918097,FALSE,-0.84766689490763
-2.34957737251727,FALSE,-1.14554430627082
9.77233649398333,TRUE,0.676287431464505
11.6275371198429,TRUE,0.350685092982591
10.1841900762648,TRUE,1.53874826624928
-2.43920170587322,FALSE,-2.13576148912687
8.2383215320282,TRUE,0.1588026703052
12.7678773887249,TRUE,1.81721279035101
10.1080927881176,TRUE,0.123361527271476
-2.95977977808574,FALSE,-0.78702274501289
10.9990279929572,TRUE,0.88993392905235
-0.497460590509254,FALSE,-0.511787516487171
12.2360444572863,TRUE,0.271287559399725
-0.86780454441324,FALSE,-0.111400854561516
10.9942489107434,TRUE,0.232682459263472
-2.7464155891674,FALSE,-2.12819908977901
10.4496157732613,TRUE,0.969468609837239
11.3783930684366,TRUE,0.162471050362873
0.677545971308455,FALSE,-0.629060986000103
9.39171595638006,TRUE,0.196511969953139
10.0690109346847,TRUE,0.823439967748052
10.8749271974935,TRUE,0.0719458313145419
11.2818833412945,TRUE,0.296153223801039
0.29873049780069,FALSE,-0.53936841337208
-0.61094704312577,FALSE,-0.515253339463726
0.530088368535575,FALSE,-0.891460029968363
11.345125583618,TRUE,0.537604352980779
-1.14572894461229,FALSE,-1.45745661940292
11.6738386894334,TRUE,1.01120563796927
10.0459476780256,TRUE,0.901539122576265
9.42551053819224,TRUE,0.61232106042567
0.287930769678548,FALSE,-0.542670544827858
12.7670883655121,TRUE,1.66762326959634
9.51945442279196,TRUE,0.0364819993523385
11.440715438671,TRUE,0.855549942132974
-2.09862037142867,FALSE,-0.44965153643849
-0.366303576934949,FALSE,-0.181292668766569
0.167220070964641,FALSE,-0.631070387902051
-2.94487833114718,FALSE,-2.27059578053992
11.3617969135691,TRUE,1.10765190297102
-0.0728550940599336,FALSE,-1.03580392430346
-1.25070316542268,FALSE,-0.385295158118533
10.4583920619674,TRUE,0.672598747757153
12.2107875673107,TRUE,1.17001850344852
-1.38925360105842,FALSE,-1.17781409088804
9.95651891991413,TRUE,1.88648878758726
-0.742931229890899,FALSE,-1.15300810289089
11.2623077806671,TRUE,0.51739545709627
10.6225739866497,TRUE,0.0855336869949468
-1.10153198821784,FALSE,-0.835597046402211
0.394343740004606,FALSE,-0.607447892735186
-0.46690392816386,FALSE,-0.740483370307626
13.3714513132286,TRUE,1.21660056205933
-1.72735220871258,FALSE,-0.642775014542882
-1.9171733653692,FALSE,-1.09979379119857
11.5763654830662,TRUE,1.20811488040759
0.608530027055622,FALSE,-0.0799675309109453
-2.98649058639879,FALSE,-2.51493784459677
0.14969199431573,FALSE,-0.231250357719629
9.78291764672535,TRUE,1.07534734269614
10.5769693094618,TRUE,0.0955597646371524
-0.709074504753927,FALSE,-0.733916912388077
-0.741650772152955,FALSE,-0.676655738752319
12.1614795527626,TRUE,1.41288787805165
11.2822645759616,TRUE,0.604947582347927
-0.644678093916839,FALSE,-0.562566874566485
-0.932249357430986,FALSE,-0.527264703961844
9.54575997912849,TRUE,0.11034462703783
-0.0219678469182101,FALSE,-0.779009141064309
12.6019376358839,TRUE,1.13671755436573
-2.59661522027746,FALSE,-1.32597765473083
-0.818744472476932,FALSE,-0.273221763123732
0.0273560466441071,FALSE,-0.0102180359791092
9.4240630269872,TRUE,0.33270575182298
8.80320860011076,TRUE,0.0676151600277997
11.6137933730255,TRUE,0.327177853820189
-0.603090308271269,FALSE,-1.46846249047222
-0.916047669164699,FALSE,-0.754619580522219
10.6693054047731,TRUE,0.326864842872192
0.317529216722656,FALSE,-0.326609286550108
-2.07108330847546,FALSE,-1.58938480259639
1.21528468226206,FALSE,-0.188821143652028
10.4030805265475,TRUE,1.37624043208261
11.8112070013866,TRUE,0.457420735182506
-0.911489087193336,FALSE,-1.08405693087556
-2.17516746707168,FALSE,-0.403157772788614
9.7175611757069,TRUE,0.417203154334651
11.5103374041616,TRUE,1.43558220999326
0.16763198326277,FALSE,-0.527963569913104
-2.56393052933466,FALSE,-0.643624820332477
11.6368840345927,TRUE,0.48828052882742
12.4434982769151,TRUE,0.946837053201826
9.1992121810182,TRUE,0.192856103049881
11.1636727777638,TRUE,0.760700303363288
11.0106444974489,TRUE,0.575013328210547
-0.400865296167335,FALSE,-0.150106405791798
11.6625929967582,TRUE,1.29052192538453
-0.401163347999757,FALSE,-0.780839038917111
-1.27792256890641,FALSE,-0.808524759637347
-1.29975702156109,FALSE,-0.27554568956616
-0.765385979718922,FALSE,-1.30217679008702
10.6618333129818,TRUE,0.136891978332821
-0.566531332617834,FALSE,-0.638851038622203
-1.00636575928905,FALSE,-1.03666876055823
9.99395764845834,TRUE,0.140044856669911
-0.910318327979615,FALSE,-0.812097518874105
-0.754509340227775,FALSE,-1.45684213327947
11.6730637781555,TRUE,0.839989421345602
0.691894187211527,FALSE,-0.116250679454066
12.0096362225933,TRUE,0.400196514836765
0.926719288163242,FALSE,-0.759345946770786
-2.88693584914775,FALSE,-0.809978740516859
10.1178190453527,TRUE,0.658273516202142
9.67385422517807,TRUE,1.24041639215584
-2.7892391304229,FALSE,-1.69719405193937
10.9842354237368,TRUE,0.691062143344561
0.887494239701512,FALSE,-0.820830716302369
10.3960267380822,TRUE,0.482613350474807
-0.784873283622701,FALSE,-0.554642734436135
10.2022651701381,TRUE,1.31981529482264
-0.978535493894746,FALSE,-1.73698220296795
-1.03174660139609,FALSE,-0.570415656483033
-0.765273271479998,FALSE,-0.629926055396807
10.3180759934354,TRUE,0.928063571071849
-0.168387037281809,FALSE,-0.367240550154962
10.1994964322663,TRUE,0.806326724168612
11.2767697593408,TRUE,0.246551261954339
8.99477496282365,TRUE,0.540720601333
11.9475638424879,TRUE,0.80474133254668
12.5851807322757,TRUE,1.92660562638771
9.6963967013387,TRUE,0.0306795358690951
-2.03916867961446,FALSE,-1.37905866689438
12.1469487053997,TRUE,1.10318075311341
-0.53605309393098,FALSE,-0.466127737771664
12.9120102527621,TRUE,1.15594329493839
-2.82412904421744,FALSE,-0.844892737901051
-1.2087838018206,FALSE,-1.32611145619195
11.1484618626365,TRUE,1.64567712355604
9.12414605644999,TRUE,0.751111406931514
10.8514927872034,TRUE,1.82029650416514
9.00893198065749,TRUE,0.311312235799728
-0.403322858392467,FALSE,-0.083761129050536
0.807870758204996,FALSE,-0.0557304859534009
0.160430049243591,FALSE,-0.494947114643641
-1.00921258208964,FALSE,-0.325352897697699
-0.369414766752483,FALSE,-1.12841140152447
11.7130508948612,TRUE,0.965914458313241
12.1800190210341,TRUE,0.751709100263431
10.0414630708415,TRUE,0.438309468721097
-0.438156506384858,FALSE,-0.754671947672068
-0.164826008326038,FALSE,-0.81868404521482
-1.92582571785968,FALSE,-1.05768867326609
11.2852726830514,TRUE,0.29279071471482
-0.249870123894496,FALSE,-0.620418462432522
-1.59707598714871,FALSE,-0.589541828265181
-2.20196776454961,FALSE,-0.0517518361190709
1.97088354003673,FALSE,-0.712550021043052
11.4969228517693,TRUE,1.03727700606468
9.39559210263856,TRUE,0.210398234352131
10.2273211872047,TRUE,0.572104647184619
10.2446987788348,TRUE,0.925641646237783
9.98586115256616,TRUE,0.552320313089427
-1.75672107854725,FALSE,-1.04595497601436
10.5218127944375,TRUE,0.355889105131128
8.39913517944109,TRUE,0.63988424289689
11.4029868164794,TRUE,0.771650107768123
10.9035805266314,TRUE,0.438046255536359
9.55194359804142,TRUE,0.471074560993971
-2.0089883686387,FALSE,-1.06786629736005
-1.18023686826114,FALSE,-0.152852271738627
11.5013465254509,TRUE,0.608325724938081
0.272104792702948,FALSE,-0.133724260543174
0.797789499758572,FALSE,-0.109930671193936
-2.39568961453499,FALSE,-0.849941974003441
9.34317867132698,TRUE,0.260310503534932
-0.95478984884989,FALSE,-0.770907489241062
0.0797027964832108,FALSE,-0.0835061567585535
11.0206532125646,TRUE,0.591111906613122
-0.741534380110817,FALSE,-0.437773479167285
0.417383748483744,FALSE,-0.244422213180705
-0.0115923776948793,FALSE,-0.397286858229024
11.0940662235695,TRUE,0.97943531605705
11.8037225392751,TRUE,1.85036156709967
10.1438388178992,TRUE,0.43635710685779
11.9596265247276,TRUE,0.306947979825049
10.8392439996946,TRUE,1.04159279520614
-0.333759593960375,FALSE,-1.23419233645588
10.2797334584988,TRUE,0.781150684868679
12.3661580784228,TRUE,1.92061623503554
-2.25806422383889,FALSE,-1.50176049451733
10.6709638289532,TRUE,0.856769304059074
-2.7530579489107,FALSE,-0.877601034165752
9.48414671330854,TRUE,0.665762668140152
-0.313044037913322,FALSE,-1.26768615289047
-1.45541262322801,FALSE,-0.327568798016417
10.6677976811233,TRUE,0.164399889063825
12.4729539839604,TRUE,1.63904129795977
10.981712523883,TRUE,0.6679119996335
9.2912579856677,TRUE,1.12449654605744
10.0078230505441,TRUE,0.192208482414784
-0.0468123336891988,FALSE,-0.860741068520653
-0.0327177340605168,FALSE,-0.24596469643153
-0.360886792765436,FALSE,-0.43028234617769
10.4756428454371,TRUE,0.862894081133916
10.4976841691261,TRUE,0.395869545094666
11.5792261547294,TRUE,1.5570027915954
-0.782101351979856,FALSE,-0.364469616914334
11.5819062378898,TRUE,2.41056366249728
8.81182066359495,TRUE,0.00212327095387089
11.9149065574294,TRUE,2.50842755393646
-2.24991327011744,FALSE,-1.5068622776902
-0.581927703400668,FALSE,-0.751475504619256
-0.456236200540065,FALSE,-0.860767793513706
10.8575175160347,TRUE,0.986120927935026
9.85156208410147,TRUE,0.329393717011083
0.124731495001101,FALSE,-0.71735560294016
-2.18253916076612,FALSE,-0.874038216207509
8.90206511342175,TRUE,0.0468209726594372
11.3452349098717,TRUE,1.23901827548624
9.80644818858495,TRUE,0.160622179194624
-1.32251256320568,FALSE,-0.6468608913595
10.304625017966,TRUE,0.491231630411129
11.4927293899849,TRUE,0.251267579323262
-1.58650218968848,FALSE,-1.38390106910373
-4.05338250139989,FALSE,-1.15566146837826
1.55962392184204,FALSE,-0.471666284480708
-0.512481838804017,FALSE,-1.27142245646352
0.092131773318525,FALSE,-0.31168873550377
8.49033536944756,TRUE,0.0598995724375638
-1.78338607786473,FALSE,-1.2483885426549
8.31562515196263,TRUE,0.987420993528454
9.59986100708601,TRUE,0.661593965621676
8.83123939893492,TRUE,0.231000698466307
13.2016794510769,TRUE,1.49978670672859
11.6405943754272,TRUE,1.25357996656974
-1.47411159632099,FALSE,-0.674553260187564
10.7799689039826,TRUE,0.597366696292468
11.0180171784046,TRUE,2.44928539332801
10.6178351708103,TRUE,0.347414206245832
-1.56260961521191,FALSE,-0.213327393613857
-1.20542495758317,FALSE,-0.783130274870303
11.2783587117659,TRUE,0.509090600518406
0.800494730121281,FALSE,-0.483508853648178
10.6074596043508,TRUE,0.634802276755962
9.98884599468822,TRUE,0.231869906077726
10.8599561482422,TRUE,0.25866459955949
10.2891114113329,TRUE,0.632427615289275
11.3635900796923,TRUE,0.539232602344872
-0.507792958147384,FALSE,-1.40964925140216
10.5587993278148,TRUE,0.00466610700781192
9.93727317734738,TRUE,0.00920570634210876
11.0628106130888,TRUE,0.787962806409263
11.0552874925146,TRUE,1.78974751878485
11.0645749120512,TRUE,0.964058746360658
11.3514033380574,TRUE,0.138019335371279
-0.818199010789501,FALSE,-1.31518945141497
10.2648586790454,TRUE,0.182554929579914
-0.610799035537884,FALSE,-0.176021669671557
-2.11286813078056,FALSE,-1.46054044379506
-1.01445927088526,FALSE,-0.505276530611502
-0.432117435327075,FALSE,-0.691600251140361
-0.29428146914726,FALSE,-0.585512550551854
-0.0306611569401546,FALSE,-0.00511710296374133
10.5775231307544,TRUE,0.0299719835934384
10.8813305705204,TRUE,0.931392228511953
11.6874211915206,TRUE,0.438287397007382
10.2084632049773,TRUE,1.18351421069525
-0.322157483801841,FALSE,-1.24394944526518
-0.564320119240302,FALSE,-0.473474963265362
-0.941908282009562,FALSE,-2.83945779292468
11.804237395063,TRUE,1.15548207314032
10.8271719075937,TRUE,1.21191447550898
-0.698659534318319,FALSE,-0.546191933780511
1.39802396580846,FALSE,-0.69120743395675
-1.99613444386721,FALSE,-1.00979116148411
-0.0941248587134497,FALSE,-1.0623260313003
1.72394375508522,FALSE,-0.169175831461075
0.744107250500504,FALSE,-0.54301682031689
10.6370637560807,TRUE,0.575464981654202
-2.2808479522293,FALSE,-0.755808378360762
11.5158471626391,TRUE,0.0477481540330387
9.99558109443052,TRUE,0.604718951585939
-0.511056517775357,FALSE,-0.242722458380391
-0.438522538530509,FALSE,-0.681694606461848
-0.89251874989441,FALSE,-1.19562504050443
11.3377494935221,TRUE,0.984453769029541
11.215630468801,TRUE,1.89704272132839
0.0819324283232394,FALSE,-0.371622237938482
-1.18392398533179,FALSE,-0.535508305711303
-0.919272778725351,FALSE,-0.430869337149815
-0.171451502501016,FALSE,-0.811165112176177
-2.38794967263365,FALSE,-2.4746883266805
-2.33833575873897,FALSE,-2.19792205714547
-1.87328154371555,FALSE,-0.874029656949276
-0.0747979488301089,FALSE,-1.17339915721185
-1.40078028918546,FALSE,-0.716590540890873
-2.40071749980262,FALSE,-1.61082112664263
11.1873492629137,TRUE,0.454655398599622
10.6443230294663,TRUE,0.187432218496639
10.6764218170631,TRUE,0.717443854460832
10.3134866534857,TRUE,0.683886752675021
-2.84742099716832,FALSE,-1.61174746900488
12.3972949372917,TRUE,1.07349792316867
-0.501532075412219,FALSE,-0.415589250763539
-1.40713849703762,FALSE,-0.87556971133763
9.51613450376478,TRUE,0.788176348758751
10.4457736464418,TRUE,0.602579353060679
11.8532979348678,TRUE,1.10831362114652
9.97701475636019,TRUE,0.73060199797324
11.0041933531383,TRUE,0.130852060728499
10.8667963712174,TRUE,0.985734234981684
0.400667684400335,FALSE,-0.168133775426395
-4.38919907060729,FALSE,-2.99593013813941
10.9876223771046,TRUE,0.820319493099444
0.733048818424754,FALSE,-0.519216861293505
11.8810735788237,TRUE,1.5277102122488
11.4526657411547,TRUE,0.384138390110001
10.4721643918368,TRUE,0.553490701226353
11.7765867961739,TRUE,1.05909327570067
-0.766043064543062,FALSE,-0.783527738910829
-1.90437551070307,FALSE,-0.678532878194596
-0.192076581268937,FALSE,-0.388891922222431
10.6488386197307,TRUE,1.51665709318164
10.3972381791811,TRUE,0.87948852316296
-0.264460511728738,FALSE,-0.127693374288553
11.2521991613149,TRUE,0.374906008417354
10.3341382569022,TRUE,0.82644538633788
11.7842966118493,TRUE,1.33811983165751
10.8065407944769,TRUE,0.0349185918870107
-1.44521796390125,FALSE,-0.800994207626047
9.36676036912727,TRUE,1.18415322100285
9.46423298162774,TRUE,0.0802077706443506
10.3857556757174,TRUE,1.12936532554662
0.126237598537713,FALSE,-0.133954567306858
7.43898302630681,TRUE,0.111728376040397
10.4327290624604,TRUE,0.553614345160426
-1.5100869189101,FALSE,-0.472939082960824
9.70189022875219,TRUE,1.14206584618625
-1.128306176026,FALSE,-1.5014185885227
10.0108135423485,TRUE,0.200190246839266
9.09847036711063,TRUE,0.21491708914465
11.8779967565233,TRUE,1.69321604672801
9.05518662171686,TRUE,0.964502053220422
-2.15971536689711,FALSE,-1.27883743394302
8.62321525066995,TRUE,0.223531429728695
10.0830669105799,TRUE,1.16780532294144
-1.90562181710998,FALSE,-0.839644749596792
9.46905876954427,TRUE,0.118760801091163
-1.43491609977709,FALSE,-1.66823996687279
-1.70339810467239,FALSE,-0.067074813162395
-2.62914793749443,FALSE,-0.397582924528476
0.284054955489038,FALSE,-0.798104605387422
11.4959531559818,TRUE,1.33159060284594
9.00603744937491,TRUE,0.184520089863466
13.6397934630821,TRUE,1.64521100604125
-1.15860929380958,FALSE,-0.964281581007725
0.844147611305947,FALSE,-0.703764955717747
11.4681023930328,TRUE,0.254774300091593
11.1486880534048,TRUE,0.825715459151898
11.6613354570262,TRUE,1.03875750002046
0.421423478323007,FALSE,-0.245546973981111
11.0100290003221,TRUE,1.33816533087103
-0.0635796328931328,FALSE,-0.646539878729176
-1.61595935899742,FALSE,-0.218866980656182
-2.0231685324478,FALSE,-0.813279627372363
-2.18377750137536,FALSE,-1.50926490426931
10.5767867110646,TRUE,0.174317135929085
-3.18202485268329,FALSE,-1.60632443904624
10.9887354594967,TRUE,0.9480811685938
-1.09530187811391,FALSE,-0.765145772663389
-2.50655095373632,FALSE,-1.01454261926339
11.0373564142191,TRUE,1.17365188143698
9.46466118653428,TRUE,0.586230088758315
-0.068592913519298,FALSE,-0.255667293128668
10.7224796375239,TRUE,0.0621404015544286
9.73184459991682,TRUE,0.143045442403136
13.7508380248388,TRUE,1.83400279508753
1.12015092212297,FALSE,-0.940916663159376
-1.8564593306398,FALSE,-0.652429325618435
-1.70803271238192,FALSE,-0.818897377976661
9.8708265962315,TRUE,0.579573262906919
9.84816072327082,TRUE,0.504677910568438
9.2604933325348,TRUE,0.479875055409599
9.83479517909226,TRUE,0.50768410756982
9.62131319094137,TRUE,0.145228438684046
8.92029818366663,TRUE,0.0534189635513374
11.9726726083836,TRUE,0.951925008777581
9.64377739776978,TRUE,0.515232781441492
-4.04096945614211,FALSE,-1.54379991412517
11.5301663423318,TRUE,1.27356506728792
-0.218961989675151,FALSE,-0.321716687490403
-1.53978641744756,FALSE,-0.780935044131249
-1.50076303385026,FALSE,-2.24038666348094
8.82123719282288,TRUE,0.314082218045271
10.7394585799408,TRUE,1.42441265614843
14.2425791303434,TRUE,2.11080676405901
-0.689046397463988,FALSE,-0.481241554567572
9.91832761178874,TRUE,0.226739133626065
-1.69855583066988,FALSE,-0.890787503424913
12.9404295228702,TRUE,0.417535883370963
10.814017524368,TRUE,0.878896398675542
9.98474133844832,TRUE,0.273346837401815
9.07055993834387,TRUE,1.02387418984392
-0.0803988203816347,FALSE,-0.850510760500785
-3.25059198025693,FALSE,-1.25555031698634
11.3401093124379,TRUE,1.05997733958205
11.0605802547885,TRUE,1.3130049574188
0.22886891057541,FALSE,-0.0527749140346911
-2.46855363980724,FALSE,-1.79162060731533
12.2490513344775,TRUE,0.448222895153018
-0.287275072182054,FALSE,-0.185676076208706
-0.407589904448091,FALSE,-0.383726233517541
-0.684814359475451,FALSE,-0.409634934194312
-0.663050355663131,FALSE,-0.238285918361937
-0.246452529718795,FALSE,-1.43806959817111
-0.279970356481129,FALSE,-1.3289364523843
11.0856043970327,TRUE,0.186004277562792
12.3036160319804,TRUE,1.75877274979247
-0.365428374437872,FALSE,-1.70528071291481
-2.29472955148375,FALSE,-2.06072888510309
11.0496495884147,TRUE,0.239251297741165
11.381807315465,TRUE,1.25631640889118
12.2620668403228,TRUE,1.18678159160085
11.0878530448719,TRUE,3.00070990535922
10.1428186125433,TRUE,0.0693211750671419
10.6341298013083,TRUE,1.29021052686159
-0.784233237510286,FALSE,-0.699586732748772
-0.342664084554795,FALSE,-0.43688984501323
9.88649937913988,TRUE,0.0480894136942086
12.0268822598754,TRUE,0.880569092874184
10.3947502766632,TRUE,0.482493963264229
0.918571560668921,FALSE,-0.93839938092753
-0.441569043421287,FALSE,-1.70619967653232
0.115239176408982,FALSE,-0.376146941418614
11.3085037640304,TRUE,1.09667040537912
0.043375224246898,FALSE,-0.205292162399085
10.8425235645968,TRUE,0.0133269193950328
0.28326132497104,FALSE,-0.625262945819972
9.91421917590647,TRUE,1.52178208171417
9.999916961276,TRUE,0.78936844930127
11.0089062998361,TRUE,1.14495349489081
10.7448255192854,TRUE,0.996592838269201
9.9599847737978,TRUE,1.52667553567929
-0.860279506454076,FALSE,-0.256743680598838
-0.44492599970427,FALSE,-0.276609320727277
-0.402220755371751,FALSE,-0.926509923105332
-0.138175540388802,FALSE,-0.192711244651069
9.30750920808234,TRUE,0.893827161593654
0.576631935569288,FALSE,-0.0806244033574412
-1.49036085041834,FALSE,-0.711130107679991
1.1794816055416,FALSE,-0.312948689514297
-4.03000870698011,FALSE,-1.04419468146713
0.406882746698755,FALSE,-0.970068374514551
12.294475966994,TRUE,1.21673701790406
10.8512702185184,TRUE,0.0537718397424169
-0.844436166616207,FALSE,-0.398892382926796
10.650207628256,TRUE,1.44298951306729
10.0193844993179,TRUE,0.924385903703221
-0.981406520581584,FALSE,-0.901383441870897
10.4866354365945,TRUE,0.378346073355654
-0.703189488064186,FALSE,-1.13076632937417
9.99251604150105,TRUE,1.73213047539889
-1.25161743076191,FALSE,-1.12885904597318
11.9183765274765,TRUE,0.81137869944847
10.5574343190186,TRUE,1.32400643482697
-0.205540313761663,FALSE,-0.517909054173799
-1.79368777137714,FALSE,-0.290237422259626
12.3661649142386,TRUE,1.0119023086046
-0.865488588756822,FALSE,-0.982183092471402
-3.12982465651346,FALSE,-1.82867178815273
10.137510997464,TRUE,0.386952005010465
-1.70918990909279,FALSE,-2.18950671847538
11.22696867391,TRUE,0.987480672139365
8.80604531691743,TRUE,0.613238006543272
-0.0632464584408349,FALSE,-0.616943177142765
-2.31487438860195,FALSE,-1.34372928568209
8.26897904886646,TRUE,1.74427778061735
11.2339082631632,TRUE,0.82178580137073
11.5339818458823,TRUE,0.617960464436523
9.66668901188175,TRUE,0.518466698915238
0.963394620420721,FALSE,-0.348641711758943
0.609116940966184,FALSE,-0.247474714971954
10.2043045619493,TRUE,0.680302453935046
-1.39915186434928,FALSE,-0.783198755009912
11.2372528540902,TRUE,0.368115658079928
9.471288738527,TRUE,0.776283547341951
10.4146264329659,TRUE,0.812965883146159
-0.427031129847202,FALSE,-1.17674429887536
-0.0739433462466434,FALSE,-0.582154493933426
10.0901278600271,TRUE,0.3513367744881
-0.333734882589955,FALSE,-0.269268275400276
10.8984784266214,TRUE,0.752882969748964
0.298516437440242,FALSE,-0.514015964261913
10.3303875940956,TRUE,0.04031201201339
10.6571038023531,TRUE,0.115831432426452
12.4473971308255,TRUE,1.2672622161244
10.5810549573021,TRUE,0.526254835257586
9.27975354883821,TRUE,0.217477971738846
12.2215400008379,TRUE,0.601944302690778
10.5957080928055,TRUE,0.238780760907428
9.70337530279683,TRUE,1.41353827257067
-0.820623734733382,FALSE,-0.841051922589574
-1.91236411740418,FALSE,-1.76779258059377
-0.0956739298443434,FALSE,-0.391032028154996
10.3954193917392,TRUE,1.55911411903487
12.3632941867945,TRUE,2.60960822723555
-0.445882724097074,FALSE,-1.70290727190579
12.3715043064987,TRUE,1.74948187833868
10.2671773718851,TRUE,0.205735556505613
9.21258583796371,TRUE,0.687230452821294
0.473097092282964,FALSE,-0.543805439247462
10.5351523228574,TRUE,0.415911660948245
-1.57463992926614,FALSE,-0.938536835382082
11.0997514179547,TRUE,1.30014112162979
11.4283460374067,TRUE,1.23014790911161
9.20272559194249,TRUE,0.985305328279034
-0.372046726303452,FALSE,-0.635021027109877
-2.50644149637344,FALSE,-1.54792850110342
-0.833895517366231,FALSE,-0.648152114177947
11.958669864484,TRUE,0.491320168083205
0.123603792905747,FALSE,-0.447831358205152
-1.58186618605857,FALSE,-1.46751010299649
0.91125733325465,FALSE,-0.0664704754750109
0.108930742371266,FALSE,-0.00936331094214315
8.89662968057192,TRUE,0.21463991586617
-1.62848256153007,FALSE,-2.01394941742579
-1.76075326436002,FALSE,-0.461992438883012
-0.489360008157832,FALSE,-0.220805376582539
-1.10705885123712,FALSE,-0.257063031575755
0.367438438586586,FALSE,-0.0750015786138745
11.3540290646608,TRUE,0.20674717662184
-1.07665947573967,FALSE,-1.22715079514027
9.18125474165053,TRUE,0.455587226068109
10.1605943579604,TRUE,0.511114411948331
-0.525866646942753,FALSE,-0.943601789126622
0.347494268201388,FALSE,-0.0888375325277987
-1.54922601776221,FALSE,-1.08872321296868
-0.906195660129389,FALSE,-1.06809248545866
9.65509461539146,TRUE,0.115408829299196
12.1606935696439,TRUE,1.26810220258217
10.4352521162745,TRUE,1.24540851974791
9.59423719273324,TRUE,0.364918399404815
-0.331465850332888,FALSE,-0.244819160302288
12.8350684639208,TRUE,1.19173809718658
11.6034680168622,TRUE,0.214127648275559
10.7178753949019,TRUE,2.98216823014686
0.40529397118304,FALSE,-0.77786081008833
-0.0775665072931472,FALSE,-0.108900987101842
9.54425606590641,TRUE,0.0206357215139349
-1.40044848289448,FALSE,-0.742877923375147
12.0288163182927,TRUE,0.837223083820225
10.9582610370654,TRUE,0.352980000527369
-1.43837510785888,FALSE,-0.0999362077132722
10.4502583731759,TRUE,0.261846400716199
1.07484048333227,FALSE,-0.2151087727531
10.6283330393978,TRUE,1.56710574559827
10.3411610023562,TRUE,0.656547264722297
-0.989851583125372,FALSE,-0.999951600870459
1.15505870151166,FALSE,-1.02724019927984
0.204570004201791,FALSE,-0.669872950655652
12.9327987831884,TRUE,1.33047057009979
10.120455066944,TRUE,0.497181146741311
9.6970574819983,TRUE,0.104604187861284
1.83057588500678,FALSE,-0.186775910739106
-0.575707713252784,FALSE,-0.208647940549896
12.0661252040392,TRUE,2.00923679310805
-0.319350924786726,FALSE,-0.791076873451797
9.38466427512389,TRUE,0.301356363592314
-0.0937528935711658,FALSE,-0.142692926281148
10.4705688723265,TRUE,0.808235119837686
-0.352752975994463,FALSE,-0.531803527167854
11.0827889788859,TRUE,2.48074903011298
-2.25936034422915,FALSE,-2.00326954132007
10.3144190100193,TRUE,0.578941227369986
-1.11621812343487,FALSE,-0.00835834101692348
0.337810372557115,FALSE,-0.026413985854908
11.4060071368905,TRUE,0.266756221399189
10.1600773149,TRUE,0.0550903618049197
-0.629232100201899,FALSE,-0.132424103757115
-0.494977409932116,FALSE,-0.797570137932298
10.9162322247371,TRUE,1.17152882917182
7.97147481858034,TRUE,0.150640238534857
13.5831616975213,TRUE,2.4694579517995
10.8129796887482,TRUE,0.822593908473456
-0.123015301863398,FALSE,-0.180709950400729
10.122419719431,TRUE,1.2116925462702
10.8911072935476,TRUE,0.224228745666564
11.5242460680577,TRUE,0.876387859203891
-2.69362672770408,FALSE,-1.73554879672956
-0.896376089901274,FALSE,-1.644002019348
8.51366520142195,TRUE,0.563044083762959
10.3860121834599,TRUE,1.20450198961005
-1.69540564421464,FALSE,-1.92676238629297
